Sample	Order	Genus	Species	Info
Andreaea_rupestris	Andreaeales	Andreaea	rupestris	n.a.
Anomodon_rostratus_1	Hypnales	Anomodon	rostratus 	n.a.
Anomodon_rostratus_2	Hypnales	Anomodon	rostratus 	n.a.
Anomodon_rostratus_3	Hypnales	Anomodon	rostratus 	n.a.
Anomodon_rostratus_4	Hypnales	Anomodon	rostratus 	n.a.
Anthoceros_agrestis	Anthocerotales	Anthoceros	agrestis	n.a.
Anthoceros_angustus	Anthocerotales	Anthoceros	angustus	n.a.
Anthoceros_punctatus	Anthocerotales	Anthoceros	punctatus	n.a.
Antitrichia_curtipendula_1	Hypnales	Antitrichia	curtipendula 	n.a.
Antitrichia_curtipendula_2	Hypnales	Antitrichia	curtipendula 	n.a.
Antitrichia_curtipendula_3	Hypnales	Antitrichia	curtipendula 	n.a.
Antitrichia_curtipendula_4	Hypnales	Antitrichia	curtipendula 	n.a.
Antitrichia_curtipendula_5	Hypnales	Antitrichia	curtipendula 	n.a.
Antitrichia_curtipendula_6	Hypnales	Antitrichia	curtipendula 	n.a.
Antitrichia_curtipendula_7	Hypnales	Antitrichia	curtipendula 	n.a.
Antitrichia_curtipendula_8	Hypnales	Antitrichia	curtipendula 	n.a.
Atrichum_angustatum_1	Polytrichales	Atrichum	angustatum 	n.a.
Atrichum_angustatum_2	Polytrichales	Atrichum	angustatum 	n.a.
Atrichum_angustatum_3	Polytrichales	Atrichum	angustatum 	n.a.
Atrichum_angustatum_4	Polytrichales	Atrichum	angustatum 	n.a.
Aulacomnium_heterostichum_1	Rhizogoniales	Aulacomnium	heterostichum 	n.a.
Aulacomnium_heterostichum_2	Rhizogoniales	Aulacomnium	heterostichum 	n.a.
Aulacomnium_heterostichum_3	Rhizogoniales	Aulacomnium	heterostichum 	n.a.
Aulacomnium_heterostichum_4	Rhizogoniales	Aulacomnium	heterostichum 	n.a.
Aulacomnium_palustre_1	Rhizogoniales	Aulacomnium	palustre 	n.a.
Aulacomnium_palustre_2	Rhizogoniales	Aulacomnium	palustre 	n.a.
Aulacomnium_palustre_3	Rhizogoniales	Aulacomnium	palustre 	n.a.
Aulacomnium_palustre_4	Rhizogoniales	Aulacomnium	palustre 	n.a.
Aulacomnium_turgidum_1	Rhizogoniales	Aulacomnium	turgidum 	n.a.
Aulacomnium_turgidum_3	Rhizogoniales	Aulacomnium	turgidum 	n.a.
Brachythecium_rivulare_1	Hypnales	Brachythecium	rivulare 	n.a.
Brachythecium_rivulare_2	Hypnales	Brachythecium	rivulare 	n.a.
Brachythecium_rivulare_3	Hypnales	Brachythecium	rivulare 	n.a.
Brachythecium_rivulare_4	Hypnales	Brachythecium	rivulare 	n.a.
Bryoandersonia_illecebra_1	Hypnales	Bryoandersonia	illecebra 	n.a.
Bryoandersonia_illecebra_2	Hypnales	Bryoandersonia	illecebra 	n.a.
Bryoandersonia_illecebra_4	Hypnales	Bryoandersonia	illecebra 	n.a.
Bryoandersonia_illecebra_5	Hypnales	Bryoandersonia	illecebra 	n.a.
Bryoandersonia_illecebra_6	Hypnales	Bryoandersonia	illecebra 	n.a.
Bryum_argenteum_1	Bryales	Bryum	argenteum 	n.a.
Bryum_argenteum_2	Bryales	Bryum	argenteum 	n.a.
Bryum_argenteum_3	Bryales	Bryum	argenteum 	n.a.
Buxbaumia_aphylla	Buxbaumiales	Buxbaumia	aphylla	n.a.
Callicladium_haldanianum_1	Hypnales	Callicladium	haldanianum 	n.a.
Callicladium_haldanianum_2	Hypnales	Callicladium	haldanianum 	n.a.
Callicladium_haldanianum_3	Hypnales	Callicladium	haldanianum 	n.a.
Callicladium_haldanianum_4	Hypnales	Callicladium	haldanianum 	n.a.
Callicladium_haldanianum_5	Hypnales	Callicladium	haldanianum 	n.a.
Callicladium_haldanianum_6	Hypnales	Callicladium	haldanianum 	n.a.
Callicladium_imponens_1	Hypnales	Callicladium	imponens 	n.a.
Callicladium_imponens_2	Hypnales	Callicladium	imponens 	n.a.
Callicladium_imponens_3	Hypnales	Callicladium	imponens 	n.a.
Callicladium_imponens_4	Hypnales	Callicladium	imponens 	n.a.
Calliergon_cordifolium_1	Hypnales	Calliergon	cordifolium 	n.a.
Calliergon_cordifolium_2	Hypnales	Calliergon	cordifolium 	n.a.
Calliergon_cordifolium_3	Hypnales	Calliergon	cordifolium 	n.a.
Calliergon_cordifolium_4	Hypnales	Calliergon	cordifolium 	n.a.
Calliergon_giganteum_1	Hypnales	Calliergon	giganteum 	n.a.
Calliergon_giganteum_2	Hypnales	Calliergon	giganteum 	n.a.
Calliergon_giganteum_3	Hypnales	Calliergon	giganteum 	n.a.
Calliergon_giganteum_4	Hypnales	Calliergon	giganteum 	n.a.
Calliergon_giganteum_5	Hypnales	Calliergon	giganteum 	n.a.
Calohypnum_plumiforme_1	Hypnales	Calohypnum	plumiforme 	n.a.
Calohypnum_plumiforme_2	Hypnales	Calohypnum	plumiforme 	n.a.
Calohypnum_plumiforme_3	Hypnales	Calohypnum	plumiforme 	n.a.
Calohypnum_plumiforme_4	Hypnales	Calohypnum	plumiforme 	n.a.
Campyliadelphus_chrysophyllus_1	Hypnales	Campyliadelphus	chrysophyllus 	n.a.
Campyliadelphus_chrysophyllus_2	Hypnales	Campyliadelphus	chrysophyllus 	n.a.
Campylium_stellatum_1	Hypnales	Campylium	stellatum 	n.a.
Campylium_stellatum_2	Hypnales	Campylium	stellatum 	n.a.
Ceratodon_purpureus_GG1_1	Pseudoditrichales	Ceratodon	purpureus	GG1 
Ceratodon_purpureus_GG1_2	Pseudoditrichales	Ceratodon	purpureus	GG1 
Ceratodon_purpureus_GG1_3	Pseudoditrichales	Ceratodon	purpureus	GG1 
Ceratodon_purpureus_GG1_4	Pseudoditrichales	Ceratodon	purpureus	GG1 
Ceratodon_purpureus_GG1_5	Pseudoditrichales	Ceratodon	purpureus	GG1 
Ceratodon_purpureus_R40_1	Pseudoditrichales	Ceratodon	purpureus	R40 
Ceratodon_purpureus_R40_2	Pseudoditrichales	Ceratodon	purpureus	R40 
Ceratodon_purpureus_R40_3	Pseudoditrichales	Ceratodon	purpureus	R40 
Ceratodon_purpureus_R40_4	Pseudoditrichales	Ceratodon	purpureus	R40 
Ceratodon_purpureus_R40_5	Pseudoditrichales	Ceratodon	purpureus	R40 
Climacium_americanum_1	Hypnales	Climacium	americanum 	n.a.
Climacium_americanum_2	Hypnales	Climacium	americanum 	n.a.
Climacium_americanum_3	Hypnales	Climacium	americanum 	n.a.
Climacium_americanum_4	Hypnales	Climacium	americanum 	n.a.
Climacium_dendroides_1	Hypnales	Climacium	dendroides 	n.a.
Climacium_dendroides_2	Hypnales	Climacium	dendroides 	n.a.
Cratoneuron_filicinum_1	Hypnales	Cratoneuron	filicinum 	n.a.
Cratoneuron_filicinum_2	Hypnales	Cratoneuron	filicinum 	n.a.
Dicranum_scoparium_1	Dicranales	Dicranum	scoparium 	n.a.
Dicranum_scoparium_2	Dicranales	Dicranum	scoparium 	n.a.
Dicranum_scoparium_3	Dicranales	Dicranum	scoparium 	n.a.
Diphyscium_foliosum_1	Diphysciales	Diphyscium	foliosum 	n.a.
Diphyscium_foliosum_2	Diphysciales	Diphyscium	foliosum 	n.a.
Diphyscium_foliosum_3	Diphysciales	Diphyscium	foliosum 	n.a.
Encalypta_streptocarpa_1	Encalyptales	Encalypta	streptocarpa 	n.a.
Encalypta_streptocarpa_2	Encalyptales	Encalypta	streptocarpa 	n.a.
Entodon_seductrix_1	Hypnales	Entodon	seductrix 	n.a.
Entodon_seductrix_2	Hypnales	Entodon	seductrix 	n.a.
Entodon_seductrix_3	Hypnales	Entodon	seductrix 	n.a.
Entodon_seductrix_4	Hypnales	Entodon	seductrix 	n.a.
Entodon_seductrix_5	Hypnales	Entodon	seductrix 	n.a.
Entodon_seductrix_6	Hypnales	Entodon	seductrix 	n.a.
Entodon_seductrix_7	Hypnales	Entodon	seductrix 	n.a.
Entodon_seductrix_8	Hypnales	Entodon	seductrix 	n.a.
Eosphagnum_inretortum_1	Sphagnales	Eosphagnum	inretortum 	n.a.
Eosphagnum_inretortum_3	Sphagnales	Eosphagnum	inretortum 	n.a.
Eosphagnum_inretortum_4	Sphagnales	Eosphagnum	inretortum 	n.a.
Eosphagnum_inretortum_5	Sphagnales	Eosphagnum	inretortum 	n.a.
Eosphagnum_inretortum_6	Sphagnales	Eosphagnum	inretortum 	n.a.
Flatbergium_novo-caledoniae_1	Sphagnales	Flatbergium	novo-caledoniae 	n.a.
Flatbergium_novo-caledoniae_3	Sphagnales	Flatbergium	novo-caledoniae 	n.a.
Flatbergium_novo-caledoniae_4	Sphagnales	Flatbergium	novo-caledoniae 	n.a.
Flatbergium_novo-caledoniae_6	Sphagnales	Flatbergium	novo-caledoniae 	n.a.
Flatbergium_novo-caledoniae_7	Sphagnales	Flatbergium	novo-caledoniae 	n.a.
Flatbergium_novo-caledoniae_8	Sphagnales	Flatbergium	novo-caledoniae 	n.a.
Flatbergium_sericeum_1	Sphagnales	Flatbergium	sericeum 	n.a.
Flatbergium_sericeum_2	Sphagnales	Flatbergium	sericeum 	n.a.
Flatbergium_sericeum_3	Sphagnales	Flatbergium	sericeum 	n.a.
Flatbergium_sericeum_4	Sphagnales	Flatbergium	sericeum 	n.a.
Flatbergium_sericeum_5	Sphagnales	Flatbergium	sericeum 	n.a.
Flowersia_sinensis_1	Bartramiales	Flowersia	sinensis 	n.a.
Flowersia_sinensis_3	Bartramiales	Flowersia	sinensis 	n.a.
Fontinalis_antipyretica_1	Hypnales	Fontinalis	antipyretica 	n.a.
Fontinalis_antipyretica_2	Hypnales	Fontinalis	antipyretica 	n.a.
Fontinalis_antipyretica_3	Hypnales	Fontinalis	antipyretica 	n.a.
Forsstroemia_sp._1	Hypnales	Forsstroemia	sp. 	n.a.
Forsstroemia_sp._3	Hypnales	Forsstroemia	sp. 	n.a.
Forsstroemia_sp._4	Hypnales	Forsstroemia	sp. 	n.a.
Forsstroemia_sp._5	Hypnales	Forsstroemia	sp. 	n.a.
Forsstroemia_sp._6	Hypnales	Forsstroemia	sp. 	n.a.
Forsstroemia_sp._8	Hypnales	Forsstroemia	sp. 	n.a.
Frisvollia_varia_1	Grimmiales	Frisvollia	varia 	n.a.
Frisvollia_varia_2	Grimmiales	Frisvollia	varia 	n.a.
Frisvollia_varia_3	Grimmiales	Frisvollia	varia 	n.a.
Frisvollia_varia_4	Grimmiales	Frisvollia	varia 	n.a.
Frisvollia_varia_5	Grimmiales	Frisvollia	varia 	n.a.
Funaria_hygrometrica_1	Funariales	Funaria	hygrometrica 	n.a.
Funaria_hygrometrica_10	Funariales	Funaria	hygrometrica 	n.a.
Funaria_hygrometrica_2	Funariales	Funaria	hygrometrica 	n.a.
Funaria_hygrometrica_4	Funariales	Funaria	hygrometrica 	n.a.
Funaria_hygrometrica_5	Funariales	Funaria	hygrometrica 	n.a.
Funaria_hygrometrica_6	Funariales	Funaria	hygrometrica 	n.a.
Funaria_hygrometrica_7	Funariales	Funaria	hygrometrica 	n.a.
Funaria_hygrometrica_9	Funariales	Funaria	hygrometrica 	n.a.
Hygrohypnum_luridum_1	Hypnales	Hygrohypnum	luridum 	n.a.
Hygrohypnum_luridum_2	Hypnales	Hygrohypnum	luridum 	n.a.
Hygrohypnum_luridum_3	Hypnales	Hygrohypnum	luridum 	n.a.
Hylocomium_splendens_1	Hypnales	Hylocomium	splendens 	n.a.
Hylocomium_splendens_2	Hypnales	Hylocomium	splendens 	n.a.
Hylocomium_splendens_3	Hypnales	Hylocomium	splendens 	n.a.
Hylocomium_splendens_4	Hypnales	Hylocomium	splendens 	n.a.
Hylocomium_splendens_5	Hypnales	Hylocomium	splendens 	n.a.
Hypnum_curvifolium_1	Hypnales	Hypnum	curvifolium 	n.a.
Hypnum_curvifolium_11	Hypnales	Hypnum	curvifolium 	n.a.
Hypnum_curvifolium_2	Hypnales	Hypnum	curvifolium 	n.a.
Hypnum_curvifolium_3	Hypnales	Hypnum	curvifolium 	n.a.
Hypnum_curvifolium_4	Hypnales	Hypnum	curvifolium 	n.a.
Hypnum_curvifolium_6	Hypnales	Hypnum	curvifolium 	n.a.
Hypnum_curvifolium_9	Hypnales	Hypnum	curvifolium 	n.a.
Kindbergia_praelonga_1	Hypnales	Kindbergia	praelonga 	n.a.
Kindbergia_praelonga_2	Hypnales	Kindbergia	praelonga 	n.a.
Kindbergia_praelonga_3	Hypnales	Kindbergia	praelonga 	n.a.
Kindbergia_praelonga_4	Hypnales	Kindbergia	praelonga 	n.a.
Kindbergia_praelonga_5	Hypnales	Kindbergia	praelonga 	n.a.
Kindbergia_praelonga_6	Hypnales	Kindbergia	praelonga 	n.a.
Leucobryum_albidum_1	Dicranales	Leucobryum	albidum 	n.a.
Leucobryum_albidum_2	Dicranales	Leucobryum	albidum 	n.a.
Leucobryum_albidum_3	Dicranales	Leucobryum	albidum 	n.a.
Leucobryum_albidum_4	Dicranales	Leucobryum	albidum 	n.a.
Leucobryum_glaucum_1	Dicranales	Leucobryum	glaucum 	n.a.
Leucobryum_glaucum_2	Dicranales	Leucobryum	glaucum 	n.a.
Leucodon_julaceus_1	Hypnales	Leucodon	julaceus 	n.a.
Leucodon_julaceus_2	Hypnales	Leucodon	julaceus 	n.a.
Leucodon_julaceus_3	Hypnales	Leucodon	julaceus 	n.a.
Leucodon_julaceus_4	Hypnales	Leucodon	julaceus 	n.a.
Loeskeobryum_brevirostre_1	Hypnales	Loeskeobryum	brevirostre 	n.a.
Loeskeobryum_brevirostre_10	Hypnales	Loeskeobryum	brevirostre 	n.a.
Loeskeobryum_brevirostre_11	Hypnales	Loeskeobryum	brevirostre 	n.a.
Loeskeobryum_brevirostre_12	Hypnales	Loeskeobryum	brevirostre 	n.a.
Loeskeobryum_brevirostre_13	Hypnales	Loeskeobryum	brevirostre 	n.a.
Loeskeobryum_brevirostre_14	Hypnales	Loeskeobryum	brevirostre 	n.a.
Loeskeobryum_brevirostre_2	Hypnales	Loeskeobryum	brevirostre 	n.a.
Loeskeobryum_brevirostre_3	Hypnales	Loeskeobryum	brevirostre 	n.a.
Loeskeobryum_brevirostre_4	Hypnales	Loeskeobryum	brevirostre 	n.a.
Loeskeobryum_brevirostre_5	Hypnales	Loeskeobryum	brevirostre 	n.a.
Loeskeobryum_brevirostre_6	Hypnales	Loeskeobryum	brevirostre 	n.a.
Loeskeobryum_brevirostre_8	Hypnales	Loeskeobryum	brevirostre 	n.a.
Loeskeobryum_brevirostre_9	Hypnales	Loeskeobryum	brevirostre 	n.a.
Marchantia_polymorpha_1	Marchantiales	Marchantia	polymorpha 	n.a.
Marchantia_polymorpha_2	Marchantiales	Marchantia	polymorpha 	n.a.
Meteoridium_sp._1	Hypnales	Meteoridium	sp. 	n.a.
Meteoridium_sp._2	Hypnales	Meteoridium	sp. 	n.a.
Meteoridium_sp._3	Hypnales	Meteoridium	sp. 	n.a.
Meteoridium_sp._4	Hypnales	Meteoridium	sp. 	n.a.
Meteoridium_sp._5	Hypnales	Meteoridium	sp. 	n.a.
Meteoridium_sp._6	Hypnales	Meteoridium	sp. 	n.a.
Meteoridium_sp._7	Hypnales	Meteoridium	sp. 	n.a.
Neckera_douglasii_1	Hypnales	Neckera	douglasii 	n.a.
Neckera_douglasii_2	Hypnales	Neckera	douglasii 	n.a.
Neckera_douglasii_3	Hypnales	Neckera	douglasii 	n.a.
Neckera_douglasii_4	Hypnales	Neckera	douglasii 	n.a.
Niphotrichum_canescens_1	Grimmiales	Niphotrichum	canescens 	n.a.
Niphotrichum_canescens_2	Grimmiales	Niphotrichum	canescens 	n.a.
Niphotrichum_canescens_3	Grimmiales	Niphotrichum	canescens 	n.a.
Niphotrichum_canescens_4	Grimmiales	Niphotrichum	canescens 	n.a.
Niphotrichum_canescens_5	Grimmiales	Niphotrichum	canescens 	n.a.
Niphotrichum_elongatum_1	Grimmiales	Niphotrichum	elongatum 	n.a.
Niphotrichum_elongatum_2	Grimmiales	Niphotrichum	elongatum 	n.a.
Niphotrichum_elongatum_3	Grimmiales	Niphotrichum	elongatum 	n.a.
Palustriella_falcata_1	Hypnales	Palustriella	falcata 	n.a.
Palustriella_falcata_2	Hypnales	Palustriella	falcata 	n.a.
Penium_margaritaceum_1	Desmidiales	Penium	margaritaceum 	n.a.
Penium_margaritaceum_2	Desmidiales	Penium	margaritaceum 	n.a.
Philonotis_fontana_1	Bartramiales	Philonotis	fontana 	n.a.
Philonotis_fontana_2	Bartramiales	Philonotis	fontana 	n.a.
Philonotis_fontana_3	Bartramiales	Philonotis	fontana 	n.a.
Physcomitrium_patens_1	Funariales	Physcomitrium	patens 	PpCESA6/7
Physcomitrium_patens_2	Funariales	Physcomitrium	patens 	PpCESA3
Physcomitrium_patens_3	Funariales	Physcomitrium	patens 	PpCESA8
Physcomitrium_patens_4	Funariales	Physcomitrium	patens 	PpCESA5
Physcomitrium_patens_5	Funariales	Physcomitrium	patens 	PpCESA10
Physcomitrium_patens_6	Funariales	Physcomitrium	patens 	PpCESA1
Physcomitrium_patens_7	Funariales	Physcomitrium	patens 	PpCESA4
Physcomitrellopsis_africana_1	Funariales	Physcomitrellopsis	africana 	n.a.
Physcomitrellopsis_africana_10	Funariales	Physcomitrellopsis	africana 	n.a.
Physcomitrellopsis_africana_2	Funariales	Physcomitrellopsis	africana 	n.a.
Physcomitrellopsis_africana_3	Funariales	Physcomitrellopsis	africana 	n.a.
Physcomitrellopsis_africana_4	Funariales	Physcomitrellopsis	africana 	n.a.
Physcomitrellopsis_africana_6	Funariales	Physcomitrellopsis	africana 	n.a.
Physcomitrellopsis_africana_7	Funariales	Physcomitrellopsis	africana 	n.a.
Physcomitrellopsis_africana_8	Funariales	Physcomitrellopsis	africana 	n.a.
Physcomitrellopsis_africana_9	Funariales	Physcomitrellopsis	africana 	n.a.
Physcomitrium_pyriforme_1	Funariales	Physcomitrium	pyriforme 	n.a.
Physcomitrium_pyriforme_2	Funariales	Physcomitrium	pyriforme 	n.a.
Physcomitrium_pyriforme_3	Funariales	Physcomitrium	pyriforme 	n.a.
Physcomitrium_pyriforme_4	Funariales	Physcomitrium	pyriforme 	n.a.
Physcomitrium_pyriforme_5	Funariales	Physcomitrium	pyriforme 	n.a.
Physcomitrium_pyriforme_6	Funariales	Physcomitrium	pyriforme 	n.a.
Pilotrichella_sp._1	Hypnales	Pilotrichella	sp. 	n.a.
Pilotrichella_sp._2	Hypnales	Pilotrichella	sp. 	n.a.
Pilotrichella_sp._3	Hypnales	Pilotrichella	sp. 	n.a.
Pilotrichella_sp._4	Hypnales	Pilotrichella	sp. 	n.a.
Plagiomnium_insigne_1	Bryales	Plagiomnium	insigne 	n.a.
Plagiomnium_insigne_2	Bryales	Plagiomnium	insigne 	n.a.
Plagiothecium_sp._1	Hypnales	Plagiothecium	sp. 	n.a.
Plagiothecium_sp._2	Hypnales	Plagiothecium	sp. 	n.a.
Plagiothecium_sp._3	Hypnales	Plagiothecium	sp. 	n.a.
Plagiothecium_sp._4	Hypnales	Plagiothecium	sp. 	n.a.
Plagiothecium_sp._5	Hypnales	Plagiothecium	sp. 	n.a.
Plagiothecium_sp._6	Hypnales	Plagiothecium	sp. 	n.a.
Plagiothecium_sp._7	Hypnales	Plagiothecium	sp. 	n.a.
Plagiothecium_sp._8	Hypnales	Plagiothecium	sp. 	n.a.
Platyhypnidium_sp._1	Hypnales	Platyhypnidium	sp. 	n.a.
Platyhypnidium_sp._2	Hypnales	Platyhypnidium	sp. 	n.a.
Platyhypnidium_sp._3	Hypnales	Platyhypnidium	sp. 	n.a.
Platyhypnidium_sp._4	Hypnales	Platyhypnidium	sp. 	n.a.
Platyhypnidium_sp._5	Hypnales	Platyhypnidium	sp. 	n.a.
Platyhypnidium_sp._6	Hypnales	Platyhypnidium	sp. 	n.a.
Platyhypnidium_sp._7	Hypnales	Platyhypnidium	sp. 	n.a.
Platyhypnidium_sp._8	Hypnales	Platyhypnidium	sp. 	n.a.
Platyhypnidium_sp._9	Hypnales	Platyhypnidium	sp. 	n.a.
Pogonatum_aloides_1	Polytrichales	Pogonatum	aloides 	n.a.
Pogonatum_aloides_2	Polytrichales	Pogonatum	aloides 	n.a.
Pogonatum_aloides_3	Polytrichales	Pogonatum	aloides 	n.a.
Pogonatum_aloides_4	Polytrichales	Pogonatum	aloides 	n.a.
Pogonatum_aloides_5	Polytrichales	Pogonatum	aloides 	n.a.
Pogonatum_aloides_6	Polytrichales	Pogonatum	aloides 	n.a.
Pogonatum_aloides_7	Polytrichales	Pogonatum	aloides 	n.a.
Pogonatum_aloides_8	Polytrichales	Pogonatum	aloides 	n.a.
Pohlia_nutans_1	Bryales	Pohlia	nutans 	n.a.
Pohlia_nutans_2	Bryales	Pohlia	nutans 	n.a.
Pohlia_nutans_3	Bryales	Pohlia	nutans 	n.a.
Pohlia_nutans_4	Bryales	Pohlia	nutans 	n.a.
Pohlia_nutans_5	Bryales	Pohlia	nutans 	n.a.
Pohlia_nutans_6	Bryales	Pohlia	nutans 	n.a.
Pseudotaxiphyllum_elegans_1	Hypnales	Pseudotaxiphyllum	elegans 	n.a.
Pseudotaxiphyllum_elegans_2	Hypnales	Pseudotaxiphyllum	elegans 	n.a.
Pseudotaxiphyllum_elegans_3	Hypnales	Pseudotaxiphyllum	elegans 	n.a.
Pseudotaxiphyllum_elegans_4	Hypnales	Pseudotaxiphyllum	elegans 	n.a.
Pulvigera_lyellii_1	Orthotrichales	Pulvigera	lyellii 	n.a.
Pulvigera_lyellii_2	Orthotrichales	Pulvigera	lyellii 	n.a.
Pulvigera_lyellii_3	Orthotrichales	Pulvigera	lyellii 	n.a.
Rhodobryum_laxelimbatum_1	Bryales	Rhodobryum	laxelimbatum 	n.a.
Rhodobryum_laxelimbatum_2	Bryales	Rhodobryum	laxelimbatum 	n.a.
Rhodobryum_laxelimbatum_3	Bryales	Rhodobryum	laxelimbatum 	n.a.
Rhytidiadelphus_sp._1	Hypnales	Rhytidiadelphus	sp. 	n.a.
Rhytidiadelphus_sp._2	Hypnales	Rhytidiadelphus	sp. 	n.a.
Rhytidiadelphus_sp._3	Hypnales	Rhytidiadelphus	sp. 	n.a.
Rhytidiadelphus_sp._5	Hypnales	Rhytidiadelphus	sp. 	n.a.
Rhytidiopsis_robusta_1	Hypnales	Rhytidiopsis	robusta 	n.a.
Rhytidiopsis_robusta_2	Hypnales	Rhytidiopsis	robusta 	n.a.
Rhytidiopsis_robusta_4	Hypnales	Rhytidiopsis	robusta 	n.a.
Rhytidiopsis_robusta_5	Hypnales	Rhytidiopsis	robusta 	n.a.
Sanionia_uncinata_1	Hypnales	Sanionia	uncinata 	n.a.
Sanionia_uncinata_2	Hypnales	Sanionia	uncinata 	n.a.
Sanionia_uncinata_3	Hypnales	Sanionia	uncinata 	n.a.
Sanionia_uncinata_4	Hypnales	Sanionia	uncinata 	n.a.
Sanionia_uncinata_5	Hypnales	Sanionia	uncinata 	n.a.
Scopelophila_cataractae_1	Pottiales	Scopelophila	cataractae 	n.a.
Scopelophila_cataractae_3	Pottiales	Scopelophila	cataractae 	n.a.
Scopelophila_cataractae_4	Pottiales	Scopelophila	cataractae 	n.a.
Scopelophila_cataractae_5	Pottiales	Scopelophila	cataractae 	n.a.
Scorpidium_cossonii	Hypnales	Scorpidium	cossonii	n.a.
Scouleria_aquatica_1	Scouleriales	Scouleria	aquatica 	n.a.
Scouleria_aquatica_2	Scouleriales	Scouleria	aquatica 	n.a.
Scouleria_aquatica_3	Scouleriales	Scouleria	aquatica 	n.a.
Scouleria_aquatica_4	Scouleriales	Scouleria	aquatica 	n.a.
Sphagnum_affine_1	Sphagnales	Sphagnum	affine 	n.a.
Sphagnum_affine_2	Sphagnales	Sphagnum	affine 	n.a.
Sphagnum_affine_3	Sphagnales	Sphagnum	affine 	n.a.
Sphagnum_affine_4	Sphagnales	Sphagnum	affine 	n.a.
Sphagnum_affine_5	Sphagnales	Sphagnum	affine 	n.a.
Sphagnum_affine_6	Sphagnales	Sphagnum	affine 	n.a.
Sphagnum_austinii_1	Sphagnales	Sphagnum	austinii 	n.a.
Sphagnum_austinii_2	Sphagnales	Sphagnum	austinii 	n.a.
Sphagnum_austinii_3	Sphagnales	Sphagnum	austinii 	n.a.
Sphagnum_austinii_4	Sphagnales	Sphagnum	austinii 	n.a.
Sphagnum_austinii_5	Sphagnales	Sphagnum	austinii 	n.a.
Sphagnum_austinii_6	Sphagnales	Sphagnum	austinii 	n.a.
Sphagnum_capillifolium_1	Sphagnales	Sphagnum	capillifolium 	n.a.
Sphagnum_capillifolium_2	Sphagnales	Sphagnum	capillifolium 	n.a.
Sphagnum_capillifolium_3	Sphagnales	Sphagnum	capillifolium 	n.a.
Sphagnum_capillifolium_4	Sphagnales	Sphagnum	capillifolium 	n.a.
Sphagnum_capillifolium_5	Sphagnales	Sphagnum	capillifolium 	n.a.
Sphagnum_capillifolium_6	Sphagnales	Sphagnum	capillifolium 	n.a.
Sphagnum_compactum_1	Sphagnales	Sphagnum	compactum 	n.a.
Sphagnum_compactum_2	Sphagnales	Sphagnum	compactum 	n.a.
Sphagnum_compactum_3	Sphagnales	Sphagnum	compactum 	n.a.
Sphagnum_compactum_4	Sphagnales	Sphagnum	compactum 	n.a.
Sphagnum_compactum_5	Sphagnales	Sphagnum	compactum 	n.a.
Sphagnum_compactum_6	Sphagnales	Sphagnum	compactum 	n.a.
Sphagnum_cribrosum_1	Sphagnales	Sphagnum	cribrosum 	n.a.
Sphagnum_cribrosum_2	Sphagnales	Sphagnum	cribrosum 	n.a.
Sphagnum_cribrosum_5	Sphagnales	Sphagnum	cribrosum 	n.a.
Sphagnum_cribrosum_6	Sphagnales	Sphagnum	cribrosum 	n.a.
Sphagnum_cribrosum_7	Sphagnales	Sphagnum	cribrosum 	n.a.
Sphagnum_cribrosum_8	Sphagnales	Sphagnum	cribrosum 	n.a.
Sphagnum_divinum_1	Sphagnales	Sphagnum	divinum 	n.a.
Sphagnum_divinum_2	Sphagnales	Sphagnum	divinum 	n.a.
Sphagnum_divinum_3	Sphagnales	Sphagnum	divinum 	n.a.
Sphagnum_divinum_4	Sphagnales	Sphagnum	divinum 	n.a.
Sphagnum_divinum_5	Sphagnales	Sphagnum	divinum 	n.a.
Sphagnum_divinum_6	Sphagnales	Sphagnum	divinum 	n.a.
Sphagnum_fallax_1	Sphagnales	Sphagnum	fallax 	n.a.
Sphagnum_fallax_2	Sphagnales	Sphagnum	fallax 	n.a.
Sphagnum_fallax_3	Sphagnales	Sphagnum	fallax 	n.a.
Sphagnum_fallax_4	Sphagnales	Sphagnum	fallax 	n.a.
Sphagnum_fallax_5	Sphagnales	Sphagnum	fallax 	n.a.
Sphagnum_fallax_6	Sphagnales	Sphagnum	fallax 	n.a.
Sphagnum_fimbriatum_1	Sphagnales	Sphagnum	fimbriatum 	n.a.
Sphagnum_fimbriatum_2	Sphagnales	Sphagnum	fimbriatum 	n.a.
Sphagnum_fimbriatum_3	Sphagnales	Sphagnum	fimbriatum 	n.a.
Sphagnum_fimbriatum_4	Sphagnales	Sphagnum	fimbriatum 	n.a.
Sphagnum_fimbriatum_5	Sphagnales	Sphagnum	fimbriatum 	n.a.
Sphagnum_fimbriatum_6	Sphagnales	Sphagnum	fimbriatum 	n.a.
Sphagnum_flexuosum_1	Sphagnales	Sphagnum	flexuosum 	n.a.
Sphagnum_flexuosum_2	Sphagnales	Sphagnum	flexuosum 	n.a.
Sphagnum_flexuosum_3	Sphagnales	Sphagnum	flexuosum 	n.a.
Sphagnum_flexuosum_4	Sphagnales	Sphagnum	flexuosum 	n.a.
Sphagnum_flexuosum_5	Sphagnales	Sphagnum	flexuosum 	n.a.
Sphagnum_flexuosum_6	Sphagnales	Sphagnum	flexuosum 	n.a.
Sphagnum_fuscum_1	Sphagnales	Sphagnum	fuscum 	n.a.
Sphagnum_fuscum_2	Sphagnales	Sphagnum	fuscum 	n.a.
Sphagnum_fuscum_3	Sphagnales	Sphagnum	fuscum 	n.a.
Sphagnum_fuscum_4	Sphagnales	Sphagnum	fuscum 	n.a.
Sphagnum_fuscum_5	Sphagnales	Sphagnum	fuscum 	n.a.
Sphagnum_fuscum_6	Sphagnales	Sphagnum	fuscum 	n.a.
Sphagnum_lindbergii_1	Sphagnales	Sphagnum	lindbergii 	n.a.
Sphagnum_lindbergii_2	Sphagnales	Sphagnum	lindbergii 	n.a.
Sphagnum_lindbergii_3	Sphagnales	Sphagnum	lindbergii 	n.a.
Sphagnum_lindbergii_4	Sphagnales	Sphagnum	lindbergii 	n.a.
Sphagnum_lindbergii_5	Sphagnales	Sphagnum	lindbergii 	n.a.
Sphagnum_lindbergii_6	Sphagnales	Sphagnum	lindbergii 	n.a.
Sphagnum_magellanicum_1	Sphagnales	Sphagnum	magellanicum 	n.a.
Sphagnum_magellanicum_2	Sphagnales	Sphagnum	magellanicum 	n.a.
Sphagnum_magellanicum_3	Sphagnales	Sphagnum	magellanicum 	n.a.
Sphagnum_magellanicum_4	Sphagnales	Sphagnum	magellanicum 	n.a.
Sphagnum_magellanicum_5	Sphagnales	Sphagnum	magellanicum 	n.a.
Sphagnum_magellanicum_6	Sphagnales	Sphagnum	magellanicum 	n.a.
Sphagnum_palustre_1	Sphagnales	Sphagnum	palustre 	n.a.
Sphagnum_palustre_2	Sphagnales	Sphagnum	palustre 	n.a.
Sphagnum_palustre_3	Sphagnales	Sphagnum	palustre 	n.a.
Sphagnum_palustre_4	Sphagnales	Sphagnum	palustre 	n.a.
Sphagnum_palustre_5	Sphagnales	Sphagnum	palustre 	n.a.
Sphagnum_palustre_7	Sphagnales	Sphagnum	palustre 	n.a.
Sphagnum_perichaetiale_1	Sphagnales	Sphagnum	perichaetiale 	n.a.
Sphagnum_perichaetiale_2	Sphagnales	Sphagnum	perichaetiale 	n.a.
Sphagnum_perichaetiale_3	Sphagnales	Sphagnum	perichaetiale 	n.a.
Sphagnum_perichaetiale_4	Sphagnales	Sphagnum	perichaetiale 	n.a.
Sphagnum_perichaetiale_5	Sphagnales	Sphagnum	perichaetiale 	n.a.
Sphagnum_perichaetiale_6	Sphagnales	Sphagnum	perichaetiale 	n.a.
Sphagnum_platyphyllum_1	Sphagnales	Sphagnum	platyphyllum 	n.a.
Sphagnum_platyphyllum_2	Sphagnales	Sphagnum	platyphyllum 	n.a.
Sphagnum_platyphyllum_3	Sphagnales	Sphagnum	platyphyllum 	n.a.
Sphagnum_platyphyllum_4	Sphagnales	Sphagnum	platyphyllum 	n.a.
Sphagnum_platyphyllum_5	Sphagnales	Sphagnum	platyphyllum 	n.a.
Sphagnum_platyphyllum_6	Sphagnales	Sphagnum	platyphyllum 	n.a.
Sphagnum_portoricense_1	Sphagnales	Sphagnum	portoricense 	n.a.
Sphagnum_portoricense_2	Sphagnales	Sphagnum	portoricense 	n.a.
Sphagnum_portoricense_3	Sphagnales	Sphagnum	portoricense 	n.a.
Sphagnum_portoricense_4	Sphagnales	Sphagnum	portoricense 	n.a.
Sphagnum_portoricense_5	Sphagnales	Sphagnum	portoricense 	n.a.
Sphagnum_portoricense_6	Sphagnales	Sphagnum	portoricense 	n.a.
Sphagnum_recurvum_1	Sphagnales	Sphagnum	recurvum 	n.a.
Sphagnum_recurvum_2	Sphagnales	Sphagnum	recurvum 	n.a.
Sphagnum_recurvum_3	Sphagnales	Sphagnum	recurvum 	n.a.
Sphagnum_recurvum_4	Sphagnales	Sphagnum	recurvum 	n.a.
Sphagnum_recurvum_5	Sphagnales	Sphagnum	recurvum 	n.a.
Sphagnum_recurvum_6	Sphagnales	Sphagnum	recurvum 	n.a.
Sphagnum_riparium_1	Sphagnales	Sphagnum	riparium 	n.a.
Sphagnum_riparium_2	Sphagnales	Sphagnum	riparium 	n.a.
Sphagnum_riparium_3	Sphagnales	Sphagnum	riparium 	n.a.
Sphagnum_riparium_4	Sphagnales	Sphagnum	riparium 	n.a.
Sphagnum_riparium_5	Sphagnales	Sphagnum	riparium 	n.a.
Sphagnum_riparium_6	Sphagnales	Sphagnum	riparium 	n.a.
Sphagnum_squarrosum_1	Sphagnales	Sphagnum	squarrosum 	n.a.
Sphagnum_squarrosum_2	Sphagnales	Sphagnum	squarrosum 	n.a.
Sphagnum_squarrosum_3	Sphagnales	Sphagnum	squarrosum 	n.a.
Sphagnum_squarrosum_4	Sphagnales	Sphagnum	squarrosum 	n.a.
Sphagnum_squarrosum_5	Sphagnales	Sphagnum	squarrosum 	n.a.
Sphagnum_squarrosum_6	Sphagnales	Sphagnum	squarrosum 	n.a.
Sphagnum_subnitens_1	Sphagnales	Sphagnum	subnitens 	n.a.
Sphagnum_subnitens_2	Sphagnales	Sphagnum	subnitens 	n.a.
Sphagnum_subnitens_3	Sphagnales	Sphagnum	subnitens 	n.a.
Sphagnum_subnitens_4	Sphagnales	Sphagnum	subnitens 	n.a.
Sphagnum_subnitens_5	Sphagnales	Sphagnum	subnitens 	n.a.
Sphagnum_subnitens_6	Sphagnales	Sphagnum	subnitens 	n.a.
Sphagnum_subsecundum_1	Sphagnales	Sphagnum	subsecundum 	n.a.
Sphagnum_subsecundum_10	Sphagnales	Sphagnum	subsecundum 	n.a.
Sphagnum_subsecundum_14	Sphagnales	Sphagnum	subsecundum 	n.a.
Sphagnum_subsecundum_15	Sphagnales	Sphagnum	subsecundum 	n.a.
Sphagnum_subsecundum_16	Sphagnales	Sphagnum	subsecundum 	n.a.
Sphagnum_subsecundum_2	Sphagnales	Sphagnum	subsecundum 	n.a.
Sphagnum_subsecundum_3	Sphagnales	Sphagnum	subsecundum 	n.a.
Sphagnum_subsecundum_4	Sphagnales	Sphagnum	subsecundum 	n.a.
Sphagnum_subsecundum_5	Sphagnales	Sphagnum	subsecundum 	n.a.
Sphagnum_subsecundum_9	Sphagnales	Sphagnum	subsecundum 	n.a.
Sphagnum_tenellum_1	Sphagnales	Sphagnum	tenellum 	n.a.
Sphagnum_tenellum_2	Sphagnales	Sphagnum	tenellum 	n.a.
Sphagnum_tenellum_3	Sphagnales	Sphagnum	tenellum 	n.a.
Sphagnum_tenellum_4	Sphagnales	Sphagnum	tenellum 	n.a.
Sphagnum_tenellum_5	Sphagnales	Sphagnum	tenellum 	n.a.
Sphagnum_tenellum_6	Sphagnales	Sphagnum	tenellum 	n.a.
Stereodon_subimponens_1	Hypnales	Stereodon	subimponens 	n.a.
Stereodon_subimponens_2	Hypnales	Stereodon	subimponens 	n.a.
Stereodon_subimponens_3	Hypnales	Stereodon	subimponens 	n.a.
Syntrichia_caninervis_1	Pottiales	Syntrichia	caninervis 	n.a.
Syntrichia_caninervis_2	Pottiales	Syntrichia	caninervis 	n.a.
Syntrichia_caninervis_3	Pottiales	Syntrichia	caninervis 	n.a.
Syntrichia_caninervis_7	Pottiales	Syntrichia	caninervis 	n.a.
Syntrichia_princeps_1	Pottiales	Syntrichia	princeps 	n.a.
Syntrichia_princeps_2	Pottiales	Syntrichia	princeps 	n.a.
Syntrichia_princeps_3	Pottiales	Syntrichia	princeps 	n.a.
Syntrichia_princeps_4	Pottiales	Syntrichia	princeps 	n.a.
Syntrichia_ruralis_1	Pottiales	Syntrichia	ruralis 	n.a.
Syntrichia_ruralis_2	Pottiales	Syntrichia	ruralis 	n.a.
Syntrichia_ruralis_3	Pottiales	Syntrichia	ruralis 	n.a.
Syntrichia_ruralis_4	Pottiales	Syntrichia	ruralis 	n.a.
Syntrichia_ruralis_5	Pottiales	Syntrichia	ruralis 	n.a.
Takakia_lepidozioides_1	Takakiales	Takakia	lepidozioides 	n.a.
Takakia_lepidozioides_2	Takakiales	Takakia	lepidozioides 	n.a.
Tetraphis_pellucida_1	Tetraphidales	Tetraphis	pellucida 	n.a.
Tetraphis_pellucida_2	Tetraphidales	Tetraphis	pellucida 	n.a.
Tetraphis_pellucida_3	Tetraphidales	Tetraphis	pellucida 	n.a.
Tetraphis_pellucida_4	Tetraphidales	Tetraphis	pellucida 	n.a.
Tetraphis_pellucida_5	Tetraphidales	Tetraphis	pellucida 	n.a.
Thelia_asprella_1	Hypnales	Thelia	asprella 	n.a.
Thelia_asprella_2	Hypnales	Thelia	asprella 	n.a.
Thelia_asprella_3	Hypnales	Thelia	asprella 	n.a.
Thelia_asprella_4	Hypnales	Thelia	asprella 	n.a.
Thelia_asprella_5	Hypnales	Thelia	asprella 	n.a.
Thelia_asprella_6	Hypnales	Thelia	asprella 	n.a.
Thelia_asprella_7	Hypnales	Thelia	asprella 	n.a.
Thuidium_delicatulum_1	Hypnales	Thuidium	delicatulum 	n.a.
Thuidium_delicatulum_2	Hypnales	Thuidium	delicatulum 	n.a.
Thuidium_delicatulum_3	Hypnales	Thuidium	delicatulum 	n.a.
Thuidium_delicatulum_4	Hypnales	Thuidium	delicatulum 	n.a.
Timmia_austriaca_1	Timmiales	Timmia	austriaca 	n.a.
Timmia_austriaca_2	Timmiales	Timmia	austriaca 	n.a.
Timmia_austriaca_3	Timmiales	Timmia	austriaca 	n.a.
Timmia_austriaca_4	Timmiales	Timmia	austriaca 	n.a.
Vinealobryum_vineale_1	Pottiales	Vinealobryum	vineale 	n.a.
Vinealobryum_vineale_10	Pottiales	Vinealobryum	vineale 	n.a.
Vinealobryum_vineale_11	Pottiales	Vinealobryum	vineale 	n.a.
Vinealobryum_vineale_12	Pottiales	Vinealobryum	vineale 	n.a.
Vinealobryum_vineale_14	Pottiales	Vinealobryum	vineale 	n.a.
Vinealobryum_vineale_15	Pottiales	Vinealobryum	vineale 	n.a.
Vinealobryum_vineale_2	Pottiales	Vinealobryum	vineale 	n.a.
Vinealobryum_vineale_20	Pottiales	Vinealobryum	vineale 	n.a.
Vinealobryum_vineale_5	Pottiales	Vinealobryum	vineale 	n.a.
Vinealobryum_vineale_6	Pottiales	Vinealobryum	vineale 	n.a.
Vinealobryum_vineale_7	Pottiales	Vinealobryum	vineale 	n.a.
Vinealobryum_vineale_8	Pottiales	Vinealobryum	vineale 	n.a.
Vinealobryum_vineale_9	Pottiales	Vinealobryum	vineale 	n.a.